关键词,店铺名称,地址,省份,城市,区县,电话
广告,兴明广告,合肥市瑶海区新站区烈山路圣联梦溪小镇,安徽省,合肥市,瑶海区,无电话
广告,桐画广告,安徽省合肥市包河区云南路与贵阳路交口湖光别院B2-112商铺,安徽省,合肥市,包河区,18949804738
广告,和民广告,安徽省合肥市包河区庐州大道与扬子江路交叉口泊寓商铺2号,安徽省,合肥市,包河区,"13866731591,18955148844"
广告,一诺广告,荣城北苑23栋105号,安徽省,合肥市,庐阳区,13685516804
广告,从一广告,文锦新城南门43号,安徽省,合肥市,蜀山区,15212417218
广告,荣美广告,合肥市瑶海区方庙街道铜陵路与站前路交口七浦皮具市场E区二楼,安徽省,合肥市,瑶海区,(0551)64254252
广告,九嘉广告,安徽省合肥市长丰县蒙河路北城世纪城三期s2-106号,安徽省,合肥市,长丰县,17505699011
广告,博立广告,合肥市蜀山区雪霁路与花峰路交叉口蜀景主题酒店下方,安徽省,合肥市,蜀山区,17344078708
广告,童元广告,安徽省合肥市长丰县岗集镇富康路与安居路交口祥和公馆S8幢1单元1层商111室,安徽省,合肥市,长丰县,19956045504
广告,祥创广告,合肥市瑶海区龙子湖路,安徽省,合肥市,瑶海区,18326016670
广告,帝利广告,安徽省合肥市瑶海区三里街街道凤阳路菜市场2号门,安徽省,合肥市,瑶海区,13965116870
广告,皖信广告,安徽省合肥市包河区安徽国际五金机电商贸城三期a区6栋101号,安徽省,合肥市,包河区,"(0551)62786234,15555117353"
广告,徽恒广告,安徽省合肥市包河区商业街14号,安徽省,合肥市,包河区,18905699641
广告,新狐广告,安徽省合肥市长丰县蜗居宾馆(长淮路西),安徽省,合肥市,长丰县,18019972599
广告,加速度广告,安徽省合肥市蜀山区长江西路966号,安徽省,合肥市,蜀山区,18656079630
广告,孝天广告,长宁大道2111号幸福金色年华1栋104室,安徽省,合肥市,蜀山区,"13856995248,18955121010"
广告,乐谦广告,合肥市瑶海区龙子湖路智慧产业园西北侧约30米,安徽省,合肥市,瑶海区,15755190719
广告,玖加壹广告,稻香路公交二公司蜀山园商业专用房105号,安徽省,合肥市,蜀山区,13865118844
广告,鑫伟广告,合肥市蜀山区繁华大道名门绿洲,安徽省,合肥市,蜀山区,无电话
广告,邦羽广告,安徽省合肥市蜀山区潜山路445号,安徽省,合肥市,蜀山区,15395002088
广告,迅杰广告,长江西路与雪霁路交口加侨悦山国际商业街西区s19幢101,安徽省,合肥市,蜀山区,15605607205
广告,鸿知广告,马鞍山南路200号和地广场F1层,安徽省,合肥市,包河区,"15155158081,18656035565"
广告,鹿世广告,潜山北路486号龙凤嘉园23栋102室,安徽省,合肥市,蜀山区,无电话
广告,玖丰广告,芙蓉路与天都路交口汇林园5栋商铺111号,安徽省,合肥市,蜀山区,13470999788
广告,瑞之源广告,安徽省合肥市长丰县岗集镇富康路祥和公馆门面S7--126,安徽省,合肥市,长丰县,13966660926
广告,拓野广告,安徽省合肥市包河区上海路与迎淮路交口云峯中心s5-1100室,安徽省,合肥市,包河区,无电话
广告,卓文广告,安徽省合肥市包河区南二环路安徽省工业设备安装公司东流路生活区,安徽省,合肥市,包河区,18156065468
广告,万御广告,安徽省合肥市肥西县瑞泽源·一里洋房7栋101号商铺,安徽省,合肥市,肥西县,18963798742
广告,启站广告,安徽省合肥市肥西县长古路绿地海德公馆S6-102,安徽省,合肥市,肥西县,13865987542
广告,六感广告,习友路与科学大道交叉口50米恒大华府20栋,安徽省,合肥市,蜀山区,"(0551)65844606,13514977934"
广告,佳影广告,安徽省合肥市庐阳区蒙城北路699号天赐园1-2栋1113,安徽省,合肥市,庐阳区,"15055121272,17855116365"
广告,一清广告,安徽省合肥市肥西县雷阳路与206国道交叉口西南100米,安徽省,合肥市,肥西县,18225515989
广告,金达广告,安徽省合肥市瑶海区三里街街道全椒路20号姚大塘一栋1层102室,安徽省,合肥市,瑶海区,13956920857
广告,东一广告,合肥市肥东县龙泉路凤凰城东南侧约90米,安徽省,合肥市,肥东县,18505691024
广告,大文广告,安徽省合肥市蜀山区皖河路红鑫新村,安徽省,合肥市,蜀山区,18056020600
广告,蓝科广告,安徽省合肥市瑶海区站前路五洲商城a区2号楼a105号,安徽省,合肥市,瑶海区,18955175821
广告,一曼广告,安徽省合肥市长丰县岗集镇富康路海贝丽景幼儿园斜对面,安徽省,合肥市,长丰县,13805692764
广告,精宸广告,安徽省合肥市庐阳区濉溪路22号,安徽省,合肥市,庐阳区,"(0551)62190761,15256589649"
广告,鸿阳广告,安徽省合肥市瑶海区淝光路3号,安徽省,合肥市,瑶海区,"13801900935,15357707089,15556980935"
广告,图文广告,合肥市瑶海区金孔路恒大中央广场,安徽省,合肥市,瑶海区,无电话
广告,广告照相,当涂支路靠近马鞍山路(包河区南苑公益性菜市场),安徽省,合肥市,包河区,"(0551)63369667,18019958547"
广告,吉腾广告,安徽省合肥市肥东县店埠镇西苑路宏超丽景苑2幢115室,安徽省,合肥市,肥东县,无电话
广告,春诚广告,安徽省合肥市包河区汽车用品基地A区十栋023号,安徽省,合肥市,包河区,13329011018
广告,广告印章,合肥市瑶海区龙门岭路瑶东新村,安徽省,合肥市,瑶海区,无电话
广告,辉滕广告,合肥市瑶海区临泉路安徽大市场,安徽省,合肥市,瑶海区,18133634778
广告,烽煌广告,合肥市包河区刘蘅路安徽国际五金机电商贸城三期B区,安徽省,合肥市,包河区,13856999658
广告,麦森广告,蒙城北路与颖泉路交口,安徽省,合肥市,长丰县,18005691126
广告,朝日广告,安徽省合肥市肥西县金寨南路166号,安徽省,合肥市,肥西县,13965020092
广告,格艺广告,安徽省合肥市蜀山区金寨南路上海城市申博人力资源右侧,安徽省,合肥市,蜀山区,19810698899
广告,弘毅广告,滨湖世纪社区南京路树荫苑北门118商铺,安徽省,合肥市,包河区,(0551)68992044
广告,诚勋广告,合肥市瑶海区临泉东路静安新天地,安徽省,合肥市,瑶海区,15395004596
广告,弈恒广告,安徽省合肥市巢湖市向阳路21号-12号,安徽省,合肥市,巢湖市,18133624399
广告,杰语广告,合肥市瑶海区瑶海东路巴黎春天爱丽舍,安徽省,合肥市,瑶海区,13739230458
广告,沃美广告,安徽省合肥市蜀山区汤口路2766号2栋1003室,安徽省,合肥市,蜀山区,无电话
广告,图文广告,安徽省合肥市蜀山区紫云路128号,安徽省,合肥市,蜀山区,13965142471
广告,弘业广告,滁菊路与全椒支路交叉路口南侧(中绿广场),安徽省,合肥市,瑶海区,(0551)64235225
广告,新界广告,安徽省合肥市包河区宿松路1092号绿地中心f座3层,安徽省,合肥市,包河区,(0551)63527757
广告,新本广告,合肥市肥西县华二路小商品市场北二门,安徽省,合肥市,肥西县,17333277994
广告,嘉誉广告,安徽省合肥市包河区滨湖万达文旅城临湖苑D区23幢102、103室,安徽省,合肥市,包河区,(0551)63848434
广告,腾阳广告,安徽省合肥市瑶海区临泉东路与王岗路交叉口圣地雅阁商业街1030号,安徽省,合肥市,瑶海区,无电话
广告,青禾广告,安徽省合肥市蜀山区九龙路111号,安徽省,合肥市,蜀山区,"(0551)63873397,17730003485"
广告,鑫成广告,安徽省合肥市瑶海区青桐路京商商贸城D区BH栋132号,安徽省,合肥市,瑶海区,13956084495
广告,东腾广告,安徽省合肥市肥东县商业街晨光花园南区19栋5号,安徽省,合肥市,肥东县,15856994914
广告,文奇广告,梅山路5号1栋106室(稻香楼地铁站D口步行190米),安徽省,合肥市,蜀山区,无电话
广告,庐西广告,合肥市蜀山区怀宁路岳西新村西北侧约70米,安徽省,合肥市,蜀山区,15055159658
广告,彤辉广告,安徽省合肥市肥西县文山路65号,安徽省,合肥市,肥西县,13865965852
广告,力铭广告,淮海大道1188号京商商贸城,安徽省,合肥市,瑶海区,"(0551)63713114,18919642596"
广告,尚艺广告,安徽省合肥市瑶海区南陵路20号,安徽省,合肥市,瑶海区,18949807080
广告,点艺广告,安徽省合肥市庐阳区阜阳路与北一环交口向北80米鸿兴楼酒店隔壁,安徽省,合肥市,庐阳区,无电话
广告,永振广告,安徽省合肥市瑶海区昌盛路白马二期b区102号,安徽省,合肥市,瑶海区,15222912109
广告,莜麦广告,合肥市肥东县龙泉路凤凰城南侧约100米,安徽省,合肥市,肥东县,无电话
广告,正琦广告,肥东县草坎商店(草坎巷南),安徽省,合肥市,肥东县,19965137290
广告,中坚广告,合肥市包河区五金城四路安徽五金机电商贸城东北侧约160米,安徽省,合肥市,包河区,13365517880
广告,鹿佳广告,合肥市肥西县长江西路同乐花园,安徽省,合肥市,肥西县,无电话
广告,广告图文,安徽省合肥市蜀山区黄山路与肥西路交口普瑞眼科医院后门停车场旁门头,安徽省,合肥市,蜀山区,18905604935
广告,面今广告,安徽省合肥市肥东县合马路62号,安徽省,合肥市,肥东县,13956077329
广告,锦词广告,合肥市蜀山区天都路汇林园,安徽省,合肥市,蜀山区,18019967821
广告,红星广告,安徽省合肥市包河区五里庙装饰世界西门,安徽省,合肥市,包河区,19556515973
广告,图文广告,合肥市蜀山区井岗路华邦蜀山里,安徽省,合肥市,蜀山区,无电话
广告,大地广告,安徽省合肥市巢湖市人民路426号,安徽省,合肥市,巢湖市,18226920978
广告,仁和广告,合肥市肥东县龙泉路肥东县汽车运输公司-交通汽车站南侧,安徽省,合肥市,肥东县,无电话
广告,中印广告,合肥市肥东县长江东路徽商建材城(建材大市场专卖店),安徽省,合肥市,肥东县,无电话
广告,安答广告,合肥市瑶海区玉兰苑路安徽省地质矿产局三二七地质队-生活区北侧约100米,安徽省,合肥市,瑶海区,(0551)62284005
广告,巅峰广告,合肥市肥西县派河大道新鑫公寓东北侧约160米,安徽省,合肥市,肥西县,15905655989
广告,天涯广告,安徽省合肥市瑶海区四街京商商贸城h区do栋,安徽省,合肥市,瑶海区,13721029037
广告,雄飞广告,合肥市瑶海区铜陵北路与颖河路交口50米安粮双景佳苑11栋,安徽省,合肥市,瑶海区,"(0551)64276413,13866104234"
广告,维科广告,合肥市巢湖市健康东路巢湖凤凰医院西北侧,安徽省,合肥市,巢湖市,(0551)82186696
广告,冠艺广告,安徽省合肥市庐阳区临泉路与藕塘路交口西20米和煦园28幢,安徽省,合肥市,庐阳区,无电话
广告,帝珀广告,安徽省合肥市瑶海区铜陵路326号,安徽省,合肥市,瑶海区,18297997580
广告,成正广告,合肥市长丰县长淮路合肥长丰轨道交通学校北侧约60米,安徽省,合肥市,长丰县,无电话
广告,琅沫广告,安徽省合肥市蜀山区海棠路62栋102门店,安徽省,合肥市,蜀山区,13305691895
广告,KD广告,合肥市肥西县翠竹路新华阳光国际,安徽省,合肥市,肥西县,无电话
广告,焓宇广告,安徽省合肥市庐阳区固镇路555号,安徽省,合肥市,庐阳区,无电话
广告,纪实广告,元一名城C3栋104号,安徽省,合肥市,瑶海区,无电话
广告,义成广告,合肥市巢湖市兴烔路丽都国际花园南侧约30米,安徽省,合肥市,巢湖市,"13401231228,15850086847"
广告,森力广告,安徽省合肥市蜀山区樊洼路1号乐彩中心9栋304,安徽省,合肥市,蜀山区,13855128596
广告,星火广告,合肥市巢湖市远洲路巢湖市世纪新都小学,安徽省,合肥市,巢湖市,无电话
广告,久昌广告,合肥市巢湖市三中路向阳苑-C区,安徽省,合肥市,巢湖市,"(0551)82332070,13665655292"
广告,腾飞广告,安徽省合肥市肥西县龙飞花园二期大门内,安徽省,合肥市,肥西县,无电话
广告,涛缘广告,安徽省合肥市瑶海区京商国际商贸城(东淝河路东)京商国际商贸城I区,安徽省,合肥市,瑶海区,"13956942154,18019942879"
广告,富艺广告,合肥市包河区东陈岗支巷紫荆花园东南侧约40米,安徽省,合肥市,包河区,13605697654
广告,天致广告,瑶海区工业园文忠路与新汴河路交叉口聚众物流园7号楼2层,安徽省,合肥市,瑶海区,无电话
广告,星梦广告,安徽省合肥市肥西县宝成路西150米翡翠家园30栋106室,安徽省,合肥市,肥西县,13866168837
广告,邦乐广告,山湖路井岗派出所对面6号门面,安徽省,合肥市,蜀山区,13721083639
